{
  "execPath": "/home/marlon/.platformio/packages/toolchain-xtensa/bin/xtensa-lx106-elf-g++",
  "gccDefaultCFlags": "-fsyntax-only -std=gnu99 -Wpointer-arith -Wno-implicit-function-declaration -Wl,-EL -fno-inline-functions -nostdlib -Os -mlongcalls -mtext-section-literals -falign-functions=4 -U__STRICT_ANSI__ -ffunction-sections -fdata-sections -fno-exceptions -Wall -DPLATFORMIO=40100 -DESP8266 -DARDUINO_ARCH_ESP8266 -DARDUINO_ESP8266_ESP12 -DF_CPU=80000000L -D__ets__ -DICACHE_FLASH -DARDUINO=10805 -DARDUINO_BOARD=\"PLATFORMIO_ESP12E\" -DFLASHMODE_DIO -DLWIP_OPEN_SRC -DNONOSDK22x_190703=1 -DTCP_MSS=536 -DLWIP_FEATURES=1 -DLWIP_IPV6=0 -DVTABLES_IN_FLASH",
  "gccDefaultCppFlags": "-fsyntax-only -fno-rtti -std=c++11 -Os -mlongcalls -mtext-section-literals -falign-functions=4 -U__STRICT_ANSI__ -ffunction-sections -fdata-sections -fno-exceptions -Wall -DPLATFORMIO=40100 -DESP8266 -DARDUINO_ARCH_ESP8266 -DARDUINO_ESP8266_ESP12 -DF_CPU=80000000L -D__ets__ -DICACHE_FLASH -DARDUINO=10805 -DARDUINO_BOARD=\"PLATFORMIO_ESP12E\" -DFLASHMODE_DIO -DLWIP_OPEN_SRC -DNONOSDK22x_190703=1 -DTCP_MSS=536 -DLWIP_FEATURES=1 -DLWIP_IPV6=0 -DVTABLES_IN_FLASH",
  "gccErrorLimit": 15,
  "gccIncludePaths": "/home/marlon/Dropbox/PlatformIO/Projects/CasaWeb_Exp_14/include,/home/marlon/Dropbox/PlatformIO/Projects/CasaWeb_Exp_14/src,/home/marlon/Dropbox/PlatformIO/Projects/CasaWeb_Exp_14/.pio/libdeps/esp12e/WifiManager_ID567,/home/marlon/.platformio/packages/framework-arduinoespressif8266/libraries/ESP8266WebServer/src,/home/marlon/.platformio/packages/framework-arduinoespressif8266/libraries/Ticker/src,/home/marlon/.platformio/packages/framework-arduinoespressif8266/libraries/DNSServer/src,/home/marlon/Dropbox/PlatformIO/Projects/CasaWeb_Exp_14/lib/PubSubClient/src,/home/marlon/.platformio/packages/framework-arduinoespressif8266/libraries/ESP8266WiFi/src,/home/marlon/Dropbox/PlatformIO/Projects/CasaWeb_Exp_14/lib/ArduinoJson/src,/home/marlon/.platformio/packages/framework-arduinoespressif8266/tools/sdk/include,/home/marlon/.platformio/packages/framework-arduinoespressif8266/tools/sdk/libc/xtensa-lx106-elf/include,/home/marlon/.platformio/packages/framework-arduinoespressif8266/cores/esp8266,/home/marlon/.platformio/packages/framework-arduinoespressif8266/tools/sdk/lwip2/include,/home/marlon/.platformio/packages/framework-arduinoespressif8266/variants/nodemcu,/home/marlon/.platformio/packages/framework-arduinoespressif8266/libraries/ArduinoOTA,/home/marlon/.platformio/packages/framework-arduinoespressif8266/libraries/EEPROM,/home/marlon/.platformio/packages/framework-arduinoespressif8266/libraries/ESP8266AVRISP/src,/home/marlon/.platformio/packages/framework-arduinoespressif8266/libraries/ESP8266HTTPClient/src,/home/marlon/.platformio/packages/framework-arduinoespressif8266/libraries/ESP8266HTTPUpdateServer/src,/home/marlon/.platformio/packages/framework-arduinoespressif8266/libraries/ESP8266LLMNR,/home/marlon/.platformio/packages/framework-arduinoespressif8266/libraries/ESP8266NetBIOS,/home/marlon/.platformio/packages/framework-arduinoespressif8266/libraries/ESP8266SSDP,/home/marlon/.platformio/packages/framework-arduinoespressif8266/libraries/ESP8266SdFat/src,/home/marlon/.platformio/packages/framework-arduinoespressif8266/libraries/ESP8266WiFiMesh/src,/home/marlon/.platformio/packages/framework-arduinoespressif8266/libraries/ESP8266httpUpdate/src,/home/marlon/.platformio/packages/framework-arduinoespressif8266/libraries/ESP8266mDNS/src,/home/marlon/.platformio/packages/framework-arduinoespressif8266/libraries/Ethernet/src,/home/marlon/.platformio/packages/framework-arduinoespressif8266/libraries/GDBStub/src,/home/marlon/.platformio/packages/framework-arduinoespressif8266/libraries/Hash/src,/home/marlon/.platformio/packages/framework-arduinoespressif8266/libraries/LittleFS/src,/home/marlon/.platformio/packages/framework-arduinoespressif8266/libraries/SD/src,/home/marlon/.platformio/packages/framework-arduinoespressif8266/libraries/SDFS/src,/home/marlon/.platformio/packages/framework-arduinoespressif8266/libraries/SPI,/home/marlon/.platformio/packages/framework-arduinoespressif8266/libraries/SPISlave/src,/home/marlon/.platformio/packages/framework-arduinoespressif8266/libraries/Servo/src,/home/marlon/.platformio/packages/framework-arduinoespressif8266/libraries/SoftwareSerial/src,/home/marlon/.platformio/packages/framework-arduinoespressif8266/libraries/TFT_Touch_Shield_V2,/home/marlon/.platformio/packages/framework-arduinoespressif8266/libraries/Wire,/home/marlon/.platformio/packages/framework-arduinoespressif8266/libraries/esp8266/src,/home/marlon/.platformio/packages/toolchain-xtensa/xtensa-lx106-elf/include,/home/marlon/.platformio/packages/toolchain-xtensa/xtensa-lx106-elf/include/c++/4.8.2,/home/marlon/.platformio/packages/toolchain-xtensa/xtensa-lx106-elf/include/c++/4.8.2/xtensa-lx106-elf,/home/marlon/.platformio/packages/toolchain-xtensa/lib/gcc/xtensa-lx106-elf/4.8.2/include,/home/marlon/.platformio/packages/toolchain-xtensa/lib/gcc/xtensa-lx106-elf/4.8.2/include-fixed,/home/marlon/.platformio/packages/tool-unity",
  "gccSuppressWarnings": false
}
